{"accuracy": 0.75, "f1_score": 0.6341463414634146, "classification_report": {"0": {"precision": 0.7272727272727273, "recall": 0.9142857142857143, "f1-score": 0.810126582278481, "support": 35.0}, "1": {"precision": 0.8125, "recall": 0.52, "f1-score": 0.6341463414634146, "support": 25.0}, "accuracy": 0.75, "macro avg": {"precision": 0.7698863636363636, "recall": 0.7171428571428571, "f1-score": 0.7221364618709478, "support": 60.0}, "weighted avg": {"precision": 0.7627840909090909, "recall": 0.75, "f1-score": 0.7368014819388701, "support": 60.0}}}